{
  "train_loss": [
    0.7597559690475464,
    0.3017326474189758,
    0.061671383678913116,
    0.006946303881704807,
    0.0006085525295929983,
    0.00020278628799133002,
    5.557672920986079e-05,
    4.040195017296355e-05,
    1.2391593372740317e-05,
    1.1913589332834817e-05,
    1.5800979781488422e-05,
    7.81523012847174e-06,
    9.997333472711034e-06,
    1.189531258205534e-05,
    7.987376739038154e-06,
    1.5462433475477154e-05
  ],
  "train_acc": [
    0.974290780141844,
    1.0,
    1.0,
    1.0,
    1.0,
    1.0,
    1.0,
    1.0,
    1.0,
    1.0,
    1.0,
    1.0,
    1.0,
    1.0,
    1.0,
    1.0
  ],
  "val_loss": [
    0.6535643935203552,
    0.27286821603775024,
    0.05050108954310417,
    0.005220438586547971,
    0.0006216946349013597,
    9.517591024632566e-05,
    2.2406248717743438e-05,
    8.38996948004933e-06,
    3.5328090461916872e-06,
    2.1305264681359404e-06,
    1.5166332900662383e-06,
    1.331941234639089e-06,
    1.319041700753587e-06,
    1.103467354823806e-06,
    8.837720031351637e-07,
    9.524698043605895e-07
  ],
  "val_acc": [
    1.0,
    1.0,
    1.0,
    1.0,
    1.0,
    1.0,
    1.0,
    1.0,
    1.0,
    1.0,
    1.0,
    1.0,
    1.0,
    1.0,
    1.0,
    1.0
  ],
  "learning_rate": [
    0.001,
    0.001,
    0.001,
    0.001,
    0.001,
    0.001,
    0.001,
    0.001,
    0.001,
    0.001,
    0.001,
    0.001,
    0.001,
    0.001,
    0.001,
    0.001
  ]
}